,Type,CS_recall_0,CS_recall_5,Type_recall,Type_precision,Type_F1,Type_MCC
0,No target,0.0,0.0,0.9487549148099607,0.9739001748957352,0.9611631149173473,0.8602584229198744
1,SP,0.12337662337662338,0.7987012987012987,0.9369202226345084,0.9074573225516622,0.9219534459151074,0.9013164850265265
2,MT,0.007556675062972292,0.20906801007556675,0.7934508816120907,0.6,0.6832971800433839,0.6760635111001675
3,CH,0.016483516483516484,0.2087912087912088,0.7912087912087912,0.6666666666666666,0.7236180904522613,0.7210060334542624
4,TH,0.0,0.0,0.0,0.0,0.0,0.0
