,Type,CS_recall_0,CS_recall_5,Type_recall,Type_precision,Type_F1,Type_MCC
0,No target,0.0,0.0,0.9515072083879423,0.9737124463519313,0.962481771178576,0.8643732477122331
1,SP,0.11451089476124246,0.8205841446453408,0.9415855354659249,0.9103541012998655,0.9257064721969007,0.90606668919998
2,MT,0.03007518796992481,0.23308270676691728,0.7243107769423559,0.6351648351648351,0.676814988290398,0.6646002195683417
3,CH,0.02197802197802198,0.1043956043956044,0.7802197802197802,0.5461538461538461,0.6425339366515836,0.6455883554720055
4,TH,0.0,0.0,0.0,0.0,0.0,0.0
