,Type,CS_recall_0,CS_recall_5,Type_recall,Type_precision,Type_F1,Type_MCC
0,No target,0.0,0.0,0.9534426229508197,0.9697212218220621,0.9615130273773311,0.8594521563558122
1,SP,0.10194624652455977,0.8331788693234476,0.9425393883225208,0.9158036920306168,0.9289792189997715,0.9101961512620546
2,MT,0.012468827930174564,0.18952618453865336,0.6982543640897756,0.6422018348623854,0.6690561529271206,0.6558284383425419
3,CH,0.016574585635359115,0.19337016574585636,0.8287292817679558,0.6097560975609756,0.702576112412178,0.705048299998709
4,TH,0.0,0.0,0.0,0.0,0.0,0.0
