,Type,CS_recall_0,CS_recall_5,Type_recall,Type_precision,Type_F1,Type_MCC
0,No target,0.0,0.0,0.9610900039303026,0.9721706864564007,0.9665985901574543,0.8769914939304823
1,SP,0.1195551436515292,0.8387395736793327,0.9555143651529193,0.9180765805877115,0.9364214350590372,0.9196729728791786
2,MT,0.029850746268656716,0.2512437810945274,0.7139303482587065,0.7192982456140351,0.7166042446941323,0.7052727978620129
3,CH,0.02197802197802198,0.16483516483516483,0.7142857142857143,0.6403940886699507,0.6753246753246753,0.6702631404863665
4,TH,0.0,0.0,0.08108108108108109,0.16666666666666666,0.1090909090909091,0.11407038706564686
