,Type,CS_recall_0,CS_recall_5,Type_recall,Type_precision,Type_F1,Type_MCC
0,No target,0.0,0.0,0.9513761467889909,0.9720139260846278,0.9615843158034176,0.8606733001270004
1,SP,0.111162575266327,0.824455766558592,0.953219082908754,0.901840490797546,0.9268182841702319,0.9075407715605367
2,MT,0.012594458438287154,0.14357682619647355,0.6196473551637279,0.6104218362282878,0.615,0.5996237595611471
3,CH,0.022099447513812154,0.2265193370165746,0.8232044198895028,0.596,0.691415313225058,0.69439005702966
4,TH,0.0,0.0,0.0,0.0,0.0,0.0
