,Type,CS_recall_0,CS_recall_5,Type_recall,Type_precision,Type_F1,Type_MCC
0,No target,0.0,0.0,0.9728524590163934,0.9587695489207704,0.9657596667100637,0.8693906003657773
1,SP,0.2645968489341983,0.8206672845227062,0.9077849860982391,0.9598236158745713,0.9330793045963324,0.9167276879642222
2,MT,0.004987531172069825,0.029925187032418952,0.6433915211970075,0.6861702127659575,0.6640926640926641,0.6514356154862098
3,CH,0.0,0.0,0.7679558011049724,0.5650406504065041,0.6510538641686183,0.6518256610620777
4,TH,0.0,0.0,0.0,0.0,0.0,0.0
