,test_partition,param_combo,embed_dim,num_heads,ff_dim,num_layers,batch_size,min_valid_loss
205,1,209,64.0,2.0,64.0,1.0,32.0,0.20262852683663368
121,3,129,32.0,2.0,64.0,1.0,64.0,0.21890723332762718
131,0,208,64.0,2.0,64.0,1.0,16.0,0.19751324132084846
119,2,210,64.0,2.0,64.0,1.0,64.0,0.20732515677809715
92,4,30,16.0,2.0,16.0,1.0,64.0,0.23108267411589622
