,Kingdom,Type,MCC,Precision,Recall
0,ARCHAEA,SP,0.5579886659703326,"[0.04, 0.12, 0.24, 0.28]","[0.08333333333333333, 0.25, 0.5, 0.5833333333333334]"
1,NEGATIVE,SP,0.20761992119629172,"[0.031007751937984496, 0.05813953488372093, 0.13953488372093023, 0.1744186046511628]","[0.07920792079207921, 0.1485148514851485, 0.3564356435643564, 0.44554455445544555]"
2,NEGATIVE,LIPO,-0.010451283062721535,"[0.024390243902439025, 0.14634146341463414, 0.14634146341463414, 0.21951219512195122]","[0.004739336492890996, 0.02843601895734597, 0.02843601895734597, 0.04265402843601896]"
3,POSITIVE,SP,0.08656769575663432,"[0.0070921985815602835, 0.0070921985815602835, 0.014184397163120567, 0.014184397163120567]","[0.02631578947368421, 0.02631578947368421, 0.05263157894736842, 0.05263157894736842]"
4,EUKARYA,SP,0.8094255495860007,"[0.0724907063197026, 0.25092936802973975, 0.48141263940520446, 0.5780669144981413]","[0.07485604606525911, 0.2591170825335892, 0.4971209213051823, 0.5969289827255279]"
